n,cig,strutturaProponente:codiceFiscaleProp,strutturaProponente:denominazione,importoAggiudicazione,importoSommeLiquidate,oggetto,sceltaContraente,tempiCompletamento:dataInizio,tempiCompletamento:dataUltimazione,lottoID
1,ZC32859A4A,80049220637,Comune di Giugliano in Campania,7800.00,2599.92,ABBONAMENTO TRIENNALE DAL 01/05/2019 AL 30/04/2022 CON LA SOCIETA LEGGI D ITALIA SISTEMA LEGGI D ITALIA P.A.,04-PROCEDURA NEGOZIATA SENZA PREVIA PUBBLICAZIONE,2019-05-01,2022-04-30,idm3
2,Z7927F1823,80049220637,Comune di Giugliano in Campania,7000.00,0.00,Affidamento di registrazione e resocontazione stenografica delle sedute consiliari – mediante procedura sul mercato elettronico (rdo) della pubblica amministrazione,23-AFFIDAMENTO DIRETTO,2019-09-05,2020-09-05,idm23
3,ZBE26A90CB,80049220637,Comune di Giugliano in Campania,6523.80,5298.20,SERVIZIO DI PORTIERATO ALLA STRUTTURA COMUNALE MOG,23-AFFIDAMENTO DIRETTO,2019-02-23,2019-04-24,idm43
4,ZCF20CE817,80049220637,Comune di Giugliano in Campania,24188.37,14209.30,"AFFIDAMENTO INCARICO PROFESSIONALE DI AGGIORNAMENTO ATTI PROGETTUALI, SUPPORTO AL RUP, ED ESTENSIONE DEC E COORDINAMENTO SICUREZZA IN FASE DI ESECUZIONE SERVIZI CIMITERIALI E DI MANUTENZIONE DEL CIMITERO",23-AFFIDAMENTO DIRETTO,2018-04-19,2020-02-29,idm63
5,5833897C17,80049220637,Comune di Giugliano in Campania,1745506.72,1745499.06,GESTIONE DEI SERVIZI CIMITERIALI E DEI SERVIZI DI MANUTENZIONE NELL AMBITO DEL CIMITERO CITTADINO E PROROGHE TECNICHE,01-PROCEDURA APERTA,2015-03-01,2019-02-28,idm83
6,75081018F1,80049220637,Comune di Giugliano in Campania,1252755.39,0.00,GESTIONE DEI SERVIZI CIMITERIALI E DEI SERVIZI DI MANUTENZIONE NELL AMBITO DEL CIMITERO CITTADINO,01-PROCEDURA APERTA,2019-03-01,2022-02-28,idm103
7,6845148AD1,80049220637,Comune di Giugliano in Campania,102900.00,100041.55,Affidamento del Servizio di cui al comma 11 art.31 del D.Lgs. 50/2016. Aggiudicazione definitiva e stipula del contratto.,33-PROCEDURA NEGOZIATA PER AFFIDAMENTI SOTTO SOGLIA,2016-12-29,2019-12-29,idm123
8,ZA52A12B76,80049220637,Comune di Giugliano in Campania,2334.94,0.00,Affidamento servizio notarile di rettifica nota di trascrizione immobili comunali.,23-AFFIDAMENTO DIRETTO,2019-10-22,2019-10-22,idm143
9,Z9A29C34C0,80049220637,Comune di Giugliano in Campania,1900.00,0.00,Affidamento servizio di consulenza tecnica di parte nel giudizio rg n. 4934/2019 promosso davanti al tribunale di Napoli Nord.,23-AFFIDAMENTO DIRETTO,2019-09-23,2019-09-23,idm163
10,Z1E27A43C0,80049220637,Comune di Giugliano in Campania,4499.00,4499.00,Servizio di Aggiornamento Inventario Patrimonio Comunale al  31/12/2018,23-AFFIDAMENTO DIRETTO,2019-04-11,2019-11-14,idm183
11,7091659E20,80049220637,Comune di Giugliano in Campania,26720.82,20201.13,Adesione alla Convenzione Consip per la fornitura di Servizi di gestione e Manutenzione di Sistemi IP e PDL per le Pubbliche Amministrazioni – Lotto 5.,23-AFFIDAMENTO DIRETTO,2017-06-28,2020-06-29,idm203
12,6217932FCB,80049220637,Comune di Giugliano in Campania,4508.18,2797.01,Adesione Convenzione Telefonia Mobile 6 – Proroga tecnica dal 01/08/2018 al 28/02/2019,26-AFFIDAMENTO DIRETTO IN ADESIONE AD ACCORDO QUADRO/CONVENZIONE,2018-08-01,2019-02-28,idm223
13,400880280E,80049220637,Comune di Giugliano in Campania,62999.96,43192.63,Adesione Convenzione per la fornitura dei servizi di telefonia fissa e connettivita IP4 – Proroga tecnica dal 16/03/2018 al 31/10/2019,26-AFFIDAMENTO DIRETTO IN ADESIONE AD ACCORDO QUADRO/CONVENZIONE,2019-03-16,2019-10-31,idm243
14,77985742DA,80049220637,Comune di Giugliano in Campania,87590.16,795.17,Adesione alla Convenzione Consip Telefonia Fissa TF5 stipulata tra la Societa Consip S.p.A. e Fastweb S.p.A.,26-AFFIDAMENTO DIRETTO IN ADESIONE AD ACCORDO QUADRO/CONVENZIONE,2019-05-01,2021-10-02,idm263
15,7788388D16,80049220637,Comune di Giugliano in Campania,11101.63,4090.91,Adesione alla Convenzione Consip Telefonia Mobile 7 stipulata tra la Societa Consip S.p.A. e Telecom Italia S.p.A.,26-AFFIDAMENTO DIRETTO IN ADESIONE AD ACCORDO QUADRO/CONVENZIONE,2019-03-01,2020-06-16,idm283
16,7896624445,80049220637,Comune di Giugliano in Campania,430000.00,684.61,"Adesione Convenzione Consip Energia Elettrica 16 Lotto 13, relativa alla fornitura di energia elettrica e dei servizi connessi per le pubbliche amministrazioni.",26-AFFIDAMENTO DIRETTO IN ADESIONE AD ACCORDO QUADRO/CONVENZIONE,2019-11-01,2020-10-31,idm303
17,7522804E3C,80049220637,Comune di Giugliano in Campania,458360.65,420029.15,"Adesione Convenzione Consip Energia Elettrica 15 Lotto 13, relativa alla fornitura di energia elettrica e dei servizi connessi per le pubbliche amministrazioni.",26-AFFIDAMENTO DIRETTO IN ADESIONE AD ACCORDO QUADRO/CONVENZIONE,2018-11-01,2019-10-31,idm323
18,7759705722,80049220637,Comune di Giugliano in Campania,39098.30,39098.30,BUONI PASTO,26-AFFIDAMENTO DIRETTO IN ADESIONE AD ACCORDO QUADRO/CONVENZIONE,2019-01-09,2020-01-09,idm343
19,7785641234,80049220637,Comune di Giugliano in Campania,244014.00,91384.41,"II ESPERIMENTO DI GARA PER ACQUISTO POSTI NIDO INFANZIA PRESSO STRUTTURE PRIVATE AUTORIZZATE ED ACCREDITATE NEL TERRITORIO DELL AMBITO N14 – CUP: G91E18000010006, LOTTO 1  778561089D E LOTTO 2  7785641234 …",23-AFFIDAMENTO DIRETTO,2019-08-06,2019-08-06,idm363
20,778561089D,80049220637,Comune di Giugliano in Campania,90375.75,14519.77,"II ESPERIMENTO DI GARA PER ACQUISTO POSTI NIDO INFANZIA PRESSO STRUTTURE PRIVATE AUTORIZZATE ED ACCREDITATE NEL TERRITORIO DELL AMBITO N14 – CUP: G91E18000010006, LOTTO 1  778561089D E LOTTO 2  7785641234 …",37-PROCEDURA COMPETITIVA CON NEGOZIAZIONE,2019-06-08,2020-06-08,idm383
21,7255863F8D,80049220637,Comune di Giugliano in Campania,2185968.00,0.00,"AFFIDAMENTO DEL SERVIZIO DI REFEZIONE SCOLASTICA – 7255863F8D, AGGIUDICAZIONE APPALTO",01-PROCEDURA APERTA,2019-10-07,2022-12-31,idm403
22,6934883E7A,80049220637,Comune di Giugliano in Campania,69882.75,0.00,"Estensione del servizio di trasporto scolastico (6934883E7A) agli alunni disabili frequentanti gli Istituti cittadini di scuola di 2° grado, per l’anno scolastico 2019/2020.",31-AFFIDAMENTO DIRETTO PER VARIANTE SUPERIORE AL 20% DELL'IMPORTO CONTRATTUALE,2019-09-12,2020-06-06,idm423
23,Z912940601,80049220637,Comune di Giugliano in Campania,17980.00,0.00,"Servizio di supporto specialistico ad esperto Servizio di sostegno alla genitorialita – Art. 36, comma 2, Lett. A) del D.Lgs. 50/2016 e ss.mm.ii. – Z912940601",23-AFFIDAMENTO DIRETTO,2019-08-27,2020-01-26,idm443
24,Z59293C2F2,80049220637,Comune di Giugliano in Campania,17960.00,0.00,"SERVIZIO DI SUPPORTO SPECIALISTICO di coordinamento per il Servizio di Tirocini formativi – Art. 36, Comma 2, Lett. A) del D.LGS. 50/2016 e ss.mm.ii. –  Z59293C2F2",23-AFFIDAMENTO DIRETTO,2019-08-27,2020-01-26,idm463
25,ZC629046AF,80049220637,Comune di Giugliano in Campania,17950.00,0.00,Incarico per il supporto specialistico al funzionamento dell ufficio di piano – referente area tecnico-giuridica. ZC629046AF. Provvedimenti,23-AFFIDAMENTO DIRETTO,2019-07-05,2020-01-05,idm483
26,7369183A2E,80049220637,Comune di Giugliano in Campania,86409.51,57606.00,"S.I.A. / R.E.I. AREA A  a.1.c.1 SERVIZIO DI SOSTEGNO SOCIALE PROFESSIONALE CUP G91H17000170006, .: 7369183A2E. AGGIUDICAZIONE",23-AFFIDAMENTO DIRETTO,2019-07-11,2019-12-31,idm503
27,7586239A75,80049220637,Comune di Giugliano in Campania,8525.00,0.00,Affidamento in concessione del servizio gestione aree di sosta a pagamento. Aggiudicazione definitiva alla Societa Piparking Srl. 758623A75,23-AFFIDAMENTO DIRETTO,2019-06-26,2019-06-26,idm523
28,Z0329B1208,80049220637,Comune di Giugliano in Campania,8946.00,0.00,Noleggio bagni chimici. Ditta SEBACH s.r.l. Unipersonale. Z0329B1208,23-AFFIDAMENTO DIRETTO,2019-11-05,2019-11-05,idm543
29,Z3129CF7FF,80049220637,Comune di Giugliano in Campania,35000.00,0.00,SOGGIORNO CLIMATICO ANZIANI E DISABILI. Z3129CF7FF. PROVVEDIMENTI,23-AFFIDAMENTO DIRETTO,2019-10-08,2019-10-08,idm563
30,Z5528B1CF3,80049220637,Comune di Giugliano in Campania,6000.00,6000.00,ORGANIZZAZIONE DELL MANIFESTAZIONI FINALI DEL PROGETTO -RADICI E ALI-. Z5528B1CF3. PROVVEDIMENTI,23-AFFIDAMENTO DIRETTO,2019-06-26,2019-06-26,idm583
31,7369210079,80049220637,Comune di Giugliano in Campania,69621.76,54150.25,"S.I.A. / R.E.I. AREA A  a.1.c.3 – SERVIZIO DI SUPPORTO ALLA MEDIAZIONE FAMILIARE. CUP G91H17000170006, .: 7369210079. AGGIUDICAZIONE",33-PROCEDURA NEGOZIATA PER AFFIDAMENTI SOTTO SOGLIA,2019-06-18,2020-06-18,idm603
32,Z49285786D,80049220637,Comune di Giugliano in Campania,37251.76,0.00,PON INCLUSIONE SOCIALE S.I.A./R.E.I. – AFFIDAMENTO SERVIZIO DI MEDIAZIONE INTERCULTURALE E DI ALFABETIZZAZIONE PER FAMIGLIE IMMIGRATE – AREA A – SCHEDA A.1.C.4 – CUP: G91H17000170006 –  Z49285786D. AGGIUDICAZIONE APPALTO,23-AFFIDAMENTO DIRETTO,2019-07-11,2019-07-11,idm623
33,79026408D3,80049220637,Comune di Giugliano in Campania,55478.50,0.00,"PON INCLUSIONE SOCIALE S.I.A./R.E.I.- SERVIZIO DI CAMPAGNA DI COMUNICAZIONE E SPORTELLO INFORMATIVO – AREA A Scheda di progetto A.2.A – CUP: G91H1700170006 – .: 79026408D3, AGGIUDICAZIONE APPALTO",37-PROCEDURA COMPETITIVA CON NEGOZIAZIONE,2019-07-11,2019-12-31,idm643
34,Z522AE9C1B,80049220637,Comune di Giugliano in Campania,35000.00,0.00,Progetto -Mirabasile- – Comunicazione. Z5522AE9C1B. PROVVEDIMENTI,23-AFFIDAMENTO DIRETTO,2019-12-31,2020-12-31,idm663
35,Z782B594FF,80049220637,Comune di Giugliano in Campania,12250.00,0.00,Fornitura arredi impianto sportivo. Z782B594FF. PROVVEDIMENTI,23-AFFIDAMENTO DIRETTO,2019-12-31,2019-12-31,idm683
36,ZDD2B65BCD,80049220637,Comune di Giugliano in Campania,16393.44,0.00,Progetto Biblioteca in Rete. ZDD2B65BCD. PROVVEDIMENTI,23-AFFIDAMENTO DIRETTO,2019-12-31,2020-12-31,idm703
37,ZA02B65043,80049220637,Comune di Giugliano in Campania,24590.16,0.00,Progetto Comunicazione Istituzionale. ZA02B65043. PROVVEDIMENTI,23-AFFIDAMENTO DIRETTO,2019-12-31,2019-12-31,idm723
38,Z97137E208,80049220637,Comune di Giugliano in Campania,2672.94,0.00,Proroga servizio di vigilanza dal 21 settembre al 31 gennaio 2020 presso la struttura del Settore Servizi Sociali ed Educativi all Istituto di vigilanza I.S.I. GLOBAL SRL. Impegno di spesa. – Z97137E208.,23-AFFIDAMENTO DIRETTO,2019-12-31,2020-12-31,idm743
39,5488640901,80049220637,Comune di Giugliano in Campania,2074.56,0.00,Proroga servizio di vigilanza dal 1° aprile al 15 novembre 2019 presso la Biblioteca Comunale all Istituto di vigilanza LA VOLPE SECURITY SRL . Impegno di spesa.,23-AFFIDAMENTO DIRETTO,2019-04-01,2019-11-15,idm763
40,Z792B31ED3,80049220637,Comune di Giugliano in Campania,21960.00,0.00,EVENTI NATALIZI. SERVIZI DI AGGREGAZIONE SOCIALE IN FAVORE DEI MINORI E DELLE FAMIGLIE . Z792B31ED3. PROVVEDIMENTI,23-AFFIDAMENTO DIRETTO,2019-12-31,2019-12-31,idm783
41,8022851A14,80049220637,Comune di Giugliano in Campania,50428.57,0.00,APPALTO Centro antiviolenza La fenice –  8022851A14. AGGIUDICAZIONE,33-PROCEDURA NEGOZIATA PER AFFIDAMENTI SOTTO SOGLIA,2019-12-31,2019-12-31,idm803
42,Z522B31F19,80049220637,Comune di Giugliano in Campania,19459.00,0.00,EVENTI NATALIZI. PROGETTO -GIUGLIANO CITTA DELLA FIABA- . Z522B31F19. PROVVEDIMENTI,23-AFFIDAMENTO DIRETTO,2019-12-31,2019-12-31,idm823
43,ZA727AE62D,80049220637,Comune di Giugliano in Campania,3870.00,0.00,AFFIDAMENTO FORNITURA DI UN SISTEMA POSTURALE MOD. X PANDA R82. PROVVEDIMENTI ZA727AE62D.,23-AFFIDAMENTO DIRETTO,2019-05-03,2019-05-03,idm843
44,ZF2253E4B5,80049220637,Comune di Giugliano in Campania,80.82,0.00,Presa d atto dell ordinativo emesso dalla S.U.A. del Provveditorato Interregionale per le OO. PP. Campania e Molise in favore della Societa Copy Sistem snc per i lavori di fotocopie …,23-AFFIDAMENTO DIRETTO,2019-05-14,2019-05-14,idm863
45,Z39274EC69,80049220637,Comune di Giugliano in Campania,1155.00,1155.00,Presa d atto dell ordinativo emesso dalla S.U.A. del Provveditorato Interregionale per le OO. PP. Campania e Molise in favore della societa A. Manzoni & C. SpA di Milano …,23-AFFIDAMENTO DIRETTO,2019-04-11,2019-04-11,idm883
46,ZF2253E4B5,80049220637,Comune di Giugliano in Campania,52.54,52.54,Presa d atto dell ordinativo emesso dalla S.U.A. del Provveditorato Interregionale per le OO. PP. Campania e Molise in favore della Societa Copy Sistem sns per lavori di fotocopie relativi al fascicolo degli atti di gara …,23-AFFIDAMENTO DIRETTO,2019-04-24,2019-04-24,idm903
47,736716373A,80049220637,Comune di Giugliano in Campania,227481.58,125989.77,APPALTO SERVIZIO SIA/REI AREA A – SCHEDA A.1.A POTENZIAMENTO SEGRETARIATO SOCIALE – .: 736716373A – CUP G91H1700017006. AGGIUDICAZIONE,23-AFFIDAMENTO DIRETTO,2019-01-01,2019-12-31,idm923
48,5488640901,80049220637,Comune di Giugliano in Campania,280.81,0.00,Proroga servizio di vigilanza dal 1° marzo al 31 marzo 2019 presso la Biblioteca Comunale all Istituto di vigilanza LA VOLPE SECURITY SRL. Impegno di spesa. – 5488640901,23-AFFIDAMENTO DIRETTO,2019-03-01,2019-03-31,idm943
49,5908723079,80049220637,Comune di Giugliano in Campania,199680.00,0.00,Proroga tecnica Servizio di refezione scolastica ( 5908723079).,31-AFFIDAMENTO DIRETTO PER VARIANTE SUPERIORE AL 20% DELL'IMPORTO CONTRATTUALE,2019-04-01,2019-05-31,idm963
50,73672639BF,80049220637,Comune di Giugliano in Campania,301869.00,241401.60,APPALTO SERVIZIO SIA/REI. AREA A – SCHEDA A.1.B. RAFFORZAMENTO SERVIZI SOCIALI PROFESSIONALI. 73672639BFCUP G91H1700017006. AGGIUDICAZIONE,23-AFFIDAMENTO DIRETTO,2018-09-24,2019-12-31,idm983
51,757030092E,80049220637,Comune di Giugliano in Campania,15649.38,40121.27,APPALTO CENTRO SOCIALE POLIFUNZIONALE PER DISABILI – PROGETTI DI VITA – C.I.G. 757030092E. AGGIUDICAZIONE,01-PROCEDURA APERTA,2018-09-12,2019-09-12,idm1003
52,Z9C25EB5E7,80049220637,Comune di Giugliano in Campania,1721.00,1721.00,Progetto -Nonni vigili- : Approvazione preventivo Polizza per Responsabilita Civile e per infortuni sul lavoro,23-AFFIDAMENTO DIRETTO,2019-01-24,2019-01-24,idm1023
53,767976568F,80049220637,Comune di Giugliano in Campania,80983.60,80983.60,"Noleggio, Installazione, Manutenzione, Smontaggio delle luminarie natalizie 2018-2019. Provvedimenti. 767976568F. Aggiudicazione definitiva",37-PROCEDURA COMPETITIVA CON NEGOZIAZIONE,2019-02-21,2019-02-21,idm1043
54,ZEC2832613,80049220637,Comune di Giugliano in Campania,391.62,321.00,ORDINE DIRETTO PER ACQUISTO DI VALVOLE ED UGELLI PER LE MACCHINETTE TRACCIALINEE DELLA SEGNALETICA ORIZZONTALE ALLA DITTA LINEA VERDE di PALMA ANDREA & C srl.,23-AFFIDAMENTO DIRETTO,2019-05-24,2019-05-24,idm1063
55,Z2C2A6BFB7,80049220637,Comune di Giugliano in Campania,1525.00,0.00,fornitura materiale di cancelleria mediante affidamento diretto alla ditta GRAPHOS di Granata Crescenzo S.A.S.,23-AFFIDAMENTO DIRETTO,2019-12-30,2019-12-30,idm1083
56,Z722A72303,80049220637,Comune di Giugliano in Campania,13934.84,0.00,fornitura divise invernali per n. 8 unita della polizia Municipale affidamento diretto ditta filippo Panzera sas,23-AFFIDAMENTO DIRETTO,2019-12-31,2019-12-31,idm1103
57,ZF02A6B4D8,80049220637,Comune di Giugliano in Campania,1260.15,0.00,rinnovo abbonamento ancitel servizio vvr anno 2019 affidamento diretto,23-AFFIDAMENTO DIRETTO,2019-11-05,2019-12-31,idm1123
58,Z1D2A06ED5,80049220637,Comune di Giugliano in Campania,305.00,0.00,acquisto n. 10 pettorine blu con scritta Polizia Municipale ditta SARTORIA FILIPPO PANZERA sas,23-AFFIDAMENTO DIRETTO,2019-10-31,2019-10-31,idm1143
59,ZF228D89BE,80049220637,Comune di Giugliano in Campania,869.25,869.25,MANUTENZIONE FIAT STRADA 228D89BE,23-AFFIDAMENTO DIRETTO,2019-07-23,2019-07-23,idm1163
60,ZBD2785B31,80049220637,Comune di Giugliano in Campania,6283.00,6283.00,31/12/201 fornitura da  Ditta RUSSART SNC DI E. CICCARELLI &C. per l acquisto mediante affidamento diretto di materiale di cancelleria per il Comando Polizia Municipale (ZBD2785B31),23-AFFIDAMENTO DIRETTO,2019-06-10,2019-06-10,idm1183
61,Z4B2773D8B,80049220637,Comune di Giugliano in Campania,2500.00,2500.00,Rinnovo abbonamento per l anno 2018/2019 al servizio on – line -Telemaco- fornito da infocamere,23-AFFIDAMENTO DIRETTO,2019-04-12,2019-12-31,idm1203
62,ZDF2899B90,80049220637,Comune di Giugliano in Campania,190.16,190.16,fornitura MANUTENZIONE FIAT STRADA,23-AFFIDAMENTO DIRETTO,2019-07-22,2019-07-22,idm1223
63,Z0F28373C6,80049220637,Comune di Giugliano in Campania,4831.20,4831.20,RINNOVO ABBONAMENTO SERVIZI ANCITEL ANNO 2019,23-AFFIDAMENTO DIRETTO,2019-05-22,2019-12-31,idm1243
64,Z4B2773D8B,80049220637,Comune di Giugliano in Campania,2499.96,2499.96,Rinnovo abbonamento al servizio on line “Telemaco”,23-AFFIDAMENTO DIRETTO,2018-12-01,2019-11-30,idm1263
65,58271067FC,80049220637,Comune di Giugliano in Campania,1185944.41,1183323.06,MANUTENZIONE ORDINARIA DEL PATRIMONIO VEGETALE E DI DISERBO STRADALE SU TUTTO IL TERRITORIO DI PROPRIETA COMUNALE. CUP. G96G14000410004 – . 58271067FC. + QUINTO D OBBLIGO + PROROGHE TECNICHE.,01-PROCEDURA APERTA,2015-09-07,2019-08-05,idm1283
66,ZBD2852013,80049220637,Comune di Giugliano in Campania,32979.73,0.00,"AFFIDAMENTO INCARICO PROFESSIONALE AI SENSI DELL ART. 31 C. 8 e ART. 36 C.2 DEL D.LGS. 50/06, PER LA PROGETTAZIONE ESECUTIVA E COORDINATORE DELLA SICUREZZA IN FASE DI PROGETTAZIONE DEI LAVORI DI CONSOLIDAMENTO STATICO …",23-AFFIDAMENTO DIRETTO,2019-05-09,2019-05-09,idm1303
67,Z7527B9CCB,80049220637,Comune di Giugliano in Campania,31219.78,0.00,AFFIDAMENTO INCARICO PROFESSIONALE PER LA REDAZIONE DELLA PERIZIA DI VARIANTE E DIREZIONE DEI LAVORI DI RIQUALIFICAZIONE DELL’IMPIANTO SPORTIVO DELLO STADIO DE CRISTOFARO – VIA EPITAFFIO (LOC. BARRACANO) – PROTOCOLLO D INTESA ANCI …,23-AFFIDAMENTO DIRETTO,2019-03-29,2019-03-29,idm1323
68,ZD72B6835D,80049220637,Comune di Giugliano in Campania,34000.00,0.00,AFFIDAMENTO TRAMITE ORDINE DIRETTO PER FORNITURA ARREDO PER SPAZI A VERDE PUBBLICO SUL TERRITORIO COMUNALE –  ZD72B6835D,23-AFFIDAMENTO DIRETTO,2019-12-31,2019-12-31,idm1343
69,ZD82B2B8F8,80049220637,Comune di Giugliano in Campania,8436.00,0.00,AFFIDAMENTO INCARICO PROFESSIONALE PER LA REDAZIONE DEL CERTIFICATO DI IDONEITA STATICA DELL INTERO IMPIANTO E DELLE OPERE ACCESSORIE …,23-AFFIDAMENTO DIRETTO,2019-12-17,2020-01-08,idm1363
70,81103020F0,80049220637,Comune di Giugliano in Campania,150000.00,0.00,ADESIONE ALLA CONVENZIONE PER LA FORNITURA DI GAS NATURALE E DEI SERVIZI CONNESSI PER LE PUBBLICHE AMMINISTRAZIONI – LOTTO 8 – STIPULATA TRA CONSIP SPA E ESTRA ENERGIE SRL – ANNO 2019/2020. CODICE 75632531D2 – CODICE DERIVATO 81103020F0.,26-AFFIDAMENTO DIRETTO IN ADESIONE AD ACCORDO QUADRO/CONVENZIONE,2019-11-27,2019-11-27,idm1383
71,8105604C03,80049220637,Comune di Giugliano in Campania,73770.49,0.00,"ADESIONE ALLA CONVENZIONE CONSIP LOTTO 16 CAMPANIA, CALABRIA, BASILICATA – PER LA FORNITURA DI GASOLIO DA RISCALDAMENTO PER IL FUNZIONAMENTO DEGLI IMPIANTI TERMICI DEGLI EDIFICI SCOLASTICI …",26-AFFIDAMENTO DIRETTO IN ADESIONE AD ACCORDO QUADRO/CONVENZIONE,2019-11-20,2020-09-23,idm1403
72,7980620F84,80049220637,Comune di Giugliano in Campania,155087.74,0.00,"AGGIUDICAZIONE DEFINITIVA PER L AFFIDAMENTO DEL SERVIZIO DI GESTIONE, CONDUZIONE, MANUTENZIONE ORDINARIA E STRAORDINARIA DEGLI IMPIANTI TERMICI E DI CONDIZIONAMENTO DEGLI EDIFICI DI PERTINENZA COMUNALE …",01-PROCEDURA APERTA,2019-11-08,2020-11-08,idm1423
73,7749283E9E,80049220637,Comune di Giugliano in Campania,420004.83,0.00,"SERVIZIO DI PROGETTAZIONE DI FATTIBILITA TECNICO-ECONOMICA, DEFINITIVA ED ESECUTIVA DEI LAVORI DI RIFACIMENTO DEL COLLETTORE FOGNARIO DI VIA SANTA CATERINA DA SIENA …",01-PROCEDURA APERTA,2019-10-25,2020-10-25,idm1443
74,7891217645,80049220637,Comune di Giugliano in Campania,75000.00,0.00,ADESIONE ALLA CONVENZIONE TRA CONSIP S.P.A E SOC. ENEL ENERGIA SPA PER LA FORNITURA DI ENERGIA ELETTRICA 16 – LOTTO 13 – CAMPANIA – 2019/2020. CODICE ARTICOLO FORNITORE: EE16_FIX12_L 13. . DERIVATO 7891217645.,26-AFFIDAMENTO DIRETTO IN ADESIONE AD ACCORDO QUADRO/CONVENZIONE,2019-08-09,2020-12-31,idm1463
75,ZF2296EDDA,80049220637,Comune di Giugliano in Campania,4227.18,0.00,AFFIDAMENTO INCARICO PROFESSIONALE PER REDAZIONE PERIZIA DI VARIANTE IN CORSO D OPERA LAVORI DI SISTEMAZIONE S. FRANCESCO D ASSISI. . ZF2296EDDA. DETERMINA A CONTRARRE.,23-AFFIDAMENTO DIRETTO,2019-08-07,2019-08-07,idm1483
76,76627079D9,80049220637,Comune di Giugliano in Campania,31247.17,0.00,AFFIDAMENTO INCARICO SERVIZIO DI DIREZIONE LAVORI E COORDINAMENTO DELLA SICUREZZA IN FASE DI ESECUZIONE RELATIVAMENTE AI LAVORI DI MANUTENZIONE ORDINARIA E STRAORDINARIA TRIENNALE …,01-PROCEDURA APERTA,2019-08-06,2019-08-06,idm1503
77,77969739A8,80049220637,Comune di Giugliano in Campania,109550.58,0.00,"LAVORI DI RISTRUTTURAZIONE E ADEGUAMENTO LOCALI SITI PRESSO IL III CIRCOLO DIDATTICO, VIA ROSA AGAZZI, PLESSO INA CASA – CASA DEL CUSTODE DA ADIBIRE A MICRO ASILO. CUP: G92H13000000005 –  77969739A8. AGGIUDICAZIONE DEFINITIVA.",23-AFFIDAMENTO DIRETTO,2019-09-02,2019-09-02,idm1523
78,Z16292CB75,80049220637,Comune di Giugliano in Campania,25027.08,0.00,"AFFIDAMENTO INCARICO PROFESSIONALE DI DIREZIONE LAVORI DI MANUTENZIONE DEGLI EDIFICI SCOLASTICI E DEGLI IMMOBILI COMUNALI, COMPRENSIVA DELLA MANUTENZIONE DEGLI IMPIANTI ANTINTRUSIONE …",23-AFFIDAMENTO DIRETTO,2019-07-19,2020-07-19,idm1543
79,7589206AE7,80049220637,Comune di Giugliano in Campania,949500.24,0.00,LAVORI DI MANUTENZIONE TRIENNALE DEL PATRIMONIO A VERDE PUBBLICO E DEI PARCHI ATTREZZATI DEL TERRITORIO DI COMUNALE. CUP. G97B18000050004 – . 7589206AE7. PRESA D ATTO DEL DECRETO DI EFFICACIA DELL AGGIUDICAZIONE …,01-PROCEDURA APERTA,2019-08-06,2019-08-06,idm1563
80,ZDF244D83A,80049220637,Comune di Giugliano in Campania,33216.78,33220.75,"AFFIDAMENTO INCARICO PROFESSIONALE, AI SENSI DELL ART. 31, COMMA 8, D.LGS. DEL N. 50/2016, DI D.L. E C.S.E. LAVORI PROROGA TECNICA  MANUTENZIONE ANNUALE DEGLI ISTITUTI SCOLASTICI ED IMMOBILI COMUNALI COMPRENSIVA DEGLI IMPIANTI ANTINTRUSIONE …",23-AFFIDAMENTO DIRETTO,2018-07-12,2019-04-10,idm1583
81,ZDD1AA84AE,80049220637,Comune di Giugliano in Campania,23424.52,23424.52,LIQUIDAZIONE SALDO COMPETENZE PROFESSIONALI PER DIREZIONE LAVORI E COORDINAMENTO PER LA SICUREZZA IN FASE DI ESECUZIONE LAVORI DI ADEGUAMENTO DEI LOCALI DEL CENTRO REMIERO …,23-AFFIDAMENTO DIRETTO,2016-07-21,2019-03-11,idm1603
82,ZD7262FC52,80049220637,Comune di Giugliano in Campania,5684.04,5684.04,"AFFIDAMENTO INCARICO PROFESSIONALE, AI SENSI DELL ART. 31 C.8 ED ART. 36 C.2 LETTERA A) DEL D.LGS 50/2016, PER LA REDAZIONE DELLA RELAZIONE GEOLOGICA E RELATIVE INDAGINI PROPEDEUTICHE ALL ESECUZIONE DEI LAVORI DI ADEGUAMENTO SISMICO …",23-AFFIDAMENTO DIRETTO,2018-12-13,2019-06-28,idm1623
83,ZD5170E06E,80049220637,Comune di Giugliano in Campania,29076.68,29076.68,"SALDO COMPETENZE  PROFESSIONALI PER INCARICO DI PROGETTAZIONE, PER DIREZIONE LAVORI E CSE  REALIZZAZIONE  PARCHI  E  VERDE  PUBBLICO AREE GIOCO E RIQUALIFICAZIONE DI QUELLE ESISTENTI. REP. 88/2017. . ZD5170E06E.",23-AFFIDAMENTO DIRETTO,2017-11-09,2019-06-17,idm1643
84,ZBB24F1810,80049220637,Comune di Giugliano in Campania,27140.36,27140.36,IMPEGNO DI SPESA PER LA FORNITURA DI ENERGIA ELETTRICA ALCUNI POD  ATTIVI DELLA  PUBBLICA ILLUMINAZIONE – ANNO 2018. .ZBB24F1810. DETERMINA A CONTRARRE .,23-AFFIDAMENTO DIRETTO,2018-11-21,2019-04-24,idm1663
85,Z8525F0115,80049220637,Comune di Giugliano in Campania,32760.77,32760.77,"AFFIDAMENTO INCARICO PROFESSIONALE, AI SENSI DELL ART. 31, COMMA 8, D.LGS. DEL N. 50/2016 DI DIREZIONE LAVORI DI MANUTENZIONE ANNUALE DEGLI ISTITUTI SCOLASTICI E IMMOBILI COMUNALI …",23-AFFIDAMENTO DIRETTO,2018-11-28,2019-11-28,idm1683
86,Z8323CCEEB,80049220637,Comune di Giugliano in Campania,10890.57,10890.57,"AFFIDAMENTO INCARICO PROFESSIONALE AI SENSI DELL ART. 31 C. 8 e ART. 36 C.2 DEL D.LGS. 50/06, DI PROGETTAZIONE ESECUTIVA COORDINATORE DELLA SICUREZZA IN FASE DI PROGETTAZIONE DEI LAVORI DI MANUTENZIONE VERDE PUBBLICO …",23-AFFIDAMENTO DIRETTO,2018-06-07,2019-04-10,idm1703
87,Z241EDD685,80049220637,Comune di Giugliano in Campania,20521.28,20001.28,SALDO COMPETENZE PROFESSIONALI PER DIREZIONE LAVORI RIFACIMENTO ATTRAVERSAMENTO ALVEO CAMALDOLI ALTEZZA VIA RIPUARIA INCROCIO VIA GELSI.  Z241EDD685. COMPRESA PERIZIA DI VARIANTE.,23-AFFIDAMENTO DIRETTO,2017-11-06,2019-06-21,idm1723
88,7674151DBB,80049220637,Comune di Giugliano in Campania,81536.91,81536.91,"FORNITURA GASOLIO DA RISCALDAMENTO PER IL FUNZIONAMENTO DEGLI EDIFICI SCOLASTICI DI COMPETENZA DEL COMUNE. ADESIONE ALLA CONVENZIONE CONSIP S.P.A. GASOLIO –LOTTO 16 CAMPANIA, PUGLIA, BASILICATA..  7213766C03 …",26-AFFIDAMENTO DIRETTO IN ADESIONE AD ACCORDO QUADRO/CONVENZIONE,2018-11-01,2019-05-03,idm1743
89,751556479B,80049220637,Comune di Giugliano in Campania,115760.00,113714.70,"SERVIZIO DI GESTIONE, CONDUZIONE, MANUTENZIONE ORDINARIA E STRAORDINARIA DEGLI IMPIANTI TERMICI E DI CONDIZIONAMENTO DEGLI EDIFICI DI PERTINENZA COMUNALE CON ASSUNZIONE DEL RUOLO DI TERZO RESPONSABILE  PERIODO STAGIONE TERMICA 2018/2019 …",01-PROCEDURA APERTA,2018-11-15,2019-12-17,idm1763
90,73944973F6,80049220637,Comune di Giugliano in Campania,80488.30,80488.30,LIQUIDAZIONE ALLA SOCIETA ESTRA PER FORNITURA DI GAS NATURALE E DEI SERVIZI CONNESSI PER LE PUBBLICHE AMMINISTRAZIONI – LOTTO 6 – ADESIONE ALLA CONVENZIONE GAS NATURALE  CODICE DERIVATO 73944973F6. LIQUIDAZIONE FATTURE FINO A OTTOBRE 2018.,26-AFFIDAMENTO DIRETTO IN ADESIONE AD ACCORDO QUADRO/CONVENZIONE,2017-10-23,2019-02-05,idm1783
91,733840428E,80049220637,Comune di Giugliano in Campania,46134.36,45914.26,LAVORI DI RIFACIMENTO DEL MANTO IMPERMEABILE  DELLA SUCCURSALE 1° CIRCOLO DIDATTICO VIA IPPOLITO NIEVO. CUP G92B17002110004  –  733840428E.  AGGIUDICAZIONE DEFINITIVA A SEGUITO DI RDO SU MEPA N. 1887094.,26-AFFIDAMENTO DIRETTO IN ADESIONE AD ACCORDO QUADRO/CONVENZIONE,2018-07-02,2019-04-04,idm1803
92,73383451DE,80049220637,Comune di Giugliano in Campania,63951.55,63014.27,LAVORI DI RIFACIMENTO DEL MANTO IMPERMEABILE DELL ISTITUTO SCOLASTICO -DON SALVATORE VITALE- IN VIA STAFFETTA. CUP G92B17002100004 –  73383451DE. APPROVAZIONE OPERE SUPPLEMENTARI. DETERMINA A CONTRARRE.,26-AFFIDAMENTO DIRETTO IN ADESIONE AD ACCORDO QUADRO/CONVENZIONE,2018-08-01,2019-06-20,idm1823
93,7316389B31,80049220637,Comune di Giugliano in Campania,2889115.35,344125.81,LAVORI DI MANUTENZIONE TRIENNALE DELLA RETE STRADALE DEL TERRITORIO COMUNALE. 7316389B31 – PRESA D ATTO EFFICACIA DELL AGGIUDICAZIONE GARA EFFETTUATA DALLA STAZIONE UNICA APPALTANTE DEL PROVVEDITORATO INTERREGIONALE PER LE OPERE PUBBLICHE.,01-PROCEDURA APERTA,2019-02-04,2021-02-04,idm1843
94,6944381C7A,80049220637,Comune di Giugliano in Campania,547108.65,546879.83,MANUTENZIONE DEGLI ISTITUTI SCOLASTICI E IMMOBILI COMUNALI DEL TERRITORIO COMPRENSIVA DEGLI IMPIANTI ANTINTRUSIONE E DEGLI ASCENSORI IVI INSTALLATI – .  6944381C7A. PROROGHE TECNICHE E FORNITURE.,01-PROCEDURA APERTA,2018-04-12,2019-07-19,idm1863
95,693428944E,80049220637,Comune di Giugliano in Campania,246386.48,232052.48,LAVORI  DI  REALIZZAZIONE DI PARCHI E VERDE PUBBLICO – ULTERIORI AREE ATTREZZATE 693428944E  – CUP G99H16001040004. COMPRESE OPERE MIGLIORATIVE E SUPPLEMENTARI.,01-PROCEDURA APERTA,2018-05-14,2019-07-26,idm1883
96,664473619D,80049220637,Comune di Giugliano in Campania,225812.52,225714.15,"GESTIONE, CONDUZIONE, MANUTENZIONE ORDINARIA E STRAORDINARIA DEGLI IMPIANTI TERMICI E DI CONDIZIONAMENTO DEGLI EDIFICI DI PERTINENZA COMUNALE CON ASSUNZIONE DEL RUOLO DI TERZO RESPONSABILE – PERIODO STAGIONE TERMICA 2016/2017 …",06-PROCEDURA NEGOZIATA SENZA PREVIA INDIZIONE DI GARA (SETTORI SPECIALI),2016-09-30,2019-10-30,idm1903
97,6541412FEF,80049220637,Comune di Giugliano in Campania,152302.33,152302.19,REALIZZAZIONE PARCHI E VERDE PUBBLICO (AFFIDAMENTO PER FORNITURA E POSA IN OPERA DI ATTREZZATURE PER ALLESTIMENTI AREE GIOCO E RIQUALIFICAZIONE DI QUELLE ESISTENTI).  PIU LAVORAZIONI AGGIUNTIVE. . 6541412FEF.,01-PROCEDURA APERTA,2017-06-19,2019-01-21,idm1923
98,6403011BD2,80049220637,Comune di Giugliano in Campania,293778.01,293778.01,LAVORI DI ADEGUAMENTO CENTRO REMIERO DI LAGO PATRIA DA DESTINARE A CASERMA DEI CARABINIERI CUP: 97H13002390004 – . 6403011BD2. SALDO.,06-PROCEDURA NEGOZIATA SENZA PREVIA INDIZIONE DI GARA (SETTORI SPECIALI),2017-03-15,2019-02-18,idm1943
99,5832131ABE,80049220637,Comune di Giugliano in Campania,17621.01,17621.01,SERVIZIO RESPONSABILE DELLA SICUREZZA PREVENZIONE E PROTEZIONE (RSPP). . 5832131ABE. APPROVAZIONE PROROGA CONTRATTO. REP 170/2016 REGISTRATO IL 18.08.2016;. DETERMINA A CONTRARRE.,01-PROCEDURA APERTA,2015-08-13,2019-07-22,idm1963
100,5825814DC9,80049220637,Comune di Giugliano in Campania,48759.46,48759.46,LIQUIDAZIONE PER SORVEGLIANZA SANITARIA NELL AMBITO DEL SISTEMA DI SICUREZZA SUL LAVORO – D.LGS. 9 APRILE 2008 N. 81    CONTRATTO REP 160/2015  PERIODO GENNAIO – FEBBRAIO E MARZO 2018 (+APRILE- MAGGIO E GIUGNO 2018) (+ PROROGHE)-  5825814DC9.,01-PROCEDURA APERTA,2015-12-30,2019-02-02,idm1983
101,4269897E75,80049220637,Comune di Giugliano in Campania,44118.81,0.00,LAVORI DI RESTAURO DELLA CHIESA DI SANTA SOFIA – OPERE DI COMPLETAMENTO. LIQUIDAZIONE ACCONTO DEL 40% DELLE COMPETENZE PROFESSIONALI PER INCARICO DI PROGETTAZIONE –  4269897E75.,06-PROCEDURA NEGOZIATA SENZA PREVIA INDIZIONE DI GARA (SETTORI SPECIALI),2015-06-18,2020-12-31,idm2003
102,401515638C,80049220637,Comune di Giugliano in Campania,130217.58,94151.18,LIQUIDAZIONE SALDO COMPETENZE PROFESSIONALI (III ACCONTO) PER DIREZIONE LAVORI ADEGUAMENTO STRUTTURALE SCUOLA MEDIA BASILE AL C.SO CAMPANO PIANO STRAORDINARIO DI MESSA IN SICUREZZA DEGLI EDIFICI SCOLASTICI L. N. 28902 ART. 80  DELIBERA CIPE …,26-AFFIDAMENTO DIRETTO IN ADESIONE AD ACCORDO QUADRO/CONVENZIONE,2014-03-08,2019-07-23,idm2023
103,309785814B,80049220637,Comune di Giugliano in Campania,815884.03,0.00,"CONCESSIONE VENTENNALE DELLA GESTIONE, MANUTENZIONE ORDINARIA STRAORDINARIA, AMPLIAMENTO, RIQUALIFICAZIONE ADEGUAMENTO ALLE NORMATIVE ILLUMINOTECNICHE EUROPEE E L.R.C. N. 12/2002 DEGLI IMPIANTI DI PUBBLICA ILLUMINAZIONE E SEMAFORICI …",23-AFFIDAMENTO DIRETTO,2019-01-01,2025-12-31,idm2043
104,309785814B,80049220637,Comune di Giugliano in Campania,2146057.91,0.00,"CONCESSIONE VENTENNALE DELLA GESTIONE, MANUTENZIONE ORDINARIA STRAORDINARIA, AMPLIAMENTO, RIQUALIFICAZIONE ADEGUAMENTO ALLE NORMATIVE ILLUMINOTECNICHE EUROPEE E L.R.C. N. 12/2002 DEGLI IMPIANTI DI PUBBLICA ILLUMINAZIONE E SEMAFORICI …","14-PROCEDURA SELETTIVA EX ART 238 C.7, D.LGS. 163/2006",2015-10-23,2025-12-31,idm2063
105,309785814B,80049220637,Comune di Giugliano in Campania,20403923.54,0.00,"CONCESSIONE VENTENNALE DELLA GESTIONE, MANUTENZIONE ORDINARIA STRAORDINARIA, AMPLIAMENTO, RIQUALIFICAZIONE ADEGUAMENTO ALLE NORMATIVE ILLUMINOTECNICHE EUROPEE E L.R.C. N. 12/2002 DEGLI IMPIANTI DI PUBBLICA ILLUMINAZIONE E SEMAFORICI …","14-PROCEDURA SELETTIVA EX ART 238 C.7, D.LGS. 163/2006",2013-02-28,2020-12-31,idm2083
106,Z772A1E132,80049220637,Comune di Giugliano in Campania,8500.00,0.00,"Affidamento del servizio per la redazione di attivita preliminari del servizio per la redazione di attivita preliminari, indagini sui materiali, prove di laboratorio, relazioni specialistiche, relativamente al progetto di rigenerazione ambientale …",23-AFFIDAMENTO DIRETTO,2019-11-21,2019-11-21,idm2103
107,Z4B24F106D,80049220637,Comune di Giugliano in Campania,35712.00,35712.00,"Affidamento mediante procedura negoziata telematica, esperita con la modalita Trattativa Diretta sul MePA, per n°1 intervento di ripristino funzionale delle caditoie e griglie stradali con annesso intervento di deblattizzazione in alcune strade …",23-AFFIDAMENTO DIRETTO,2018-12-27,2019-12-10,idm2123
108,Z902B6307F,80049220637,Comune di Giugliano in Campania,3254.60,0.00,"Affidamento  Incarico  Professionale per la Progettazione definitiva ed esecutiva, direzione lavori, misura e contabilita coordinamento della sicurezza in fase di progettazione ed esecuzione  C.R.E. Relativo ai lavori di restauro del ciclo pittorico…",23-AFFIDAMENTO DIRETTO,2019-12-31,2019-12-31,idm2143
109,Z6F2B522CC,80049220637,Comune di Giugliano in Campania,27120.80,0.00,Affidamento incarico professionale per il supporto al  Rup  Relativo intervento avente per oggetto lavori di realizzazione  degli interventi stradali per il collegamento della  Nuova  Base Nato – Impegno Spesa  – CUP: G91B11000510001,23-AFFIDAMENTO DIRETTO,2019-12-31,2019-12-31,idm2163
110,Z6B2676525,80049220637,Comune di Giugliano in Campania,11280.00,0.00,Affidamento incarico professionale di supporto al RUP finalizzato alle attivita tecnico/amministrative ex art. 192 del d. lgs. 152/06,23-AFFIDAMENTO DIRETTO,2019-12-27,2020-10-27,idm2183
111,ZB12B56988,80049220637,Comune di Giugliano in Campania,31360.00,0.00,Affidamento  incarico professionale per la redazione del piano di localizzazione delle stazioni radio base e impianti per comunicazioni elettroniche e diffusione segnali radio – Impegno Spesa –,23-AFFIDAMENTO DIRETTO,2019-12-27,2019-12-27,idm2203
112,Z0A2AEDFF6,80049220637,Comune di Giugliano in Campania,2450.00,0.00,Affidamento incarico professionale per il supporto Al r.u.p. sulla procedura espropriativa relativa ai lavori di realizzazione di quartiere in via innamorati – Impegno  Spesa,23-AFFIDAMENTO DIRETTO,2019-12-23,2019-12-23,idm2223
113,Z6C2A94770,80049220637,Comune di Giugliano in Campania,3862.75,0.00,"Affidamento incarico professionale per l accatastamento del serbatoio di Monteleone, realizzato nell ambito dell accordo di programma – Programma Strategico per le compensazioni ambientali nella  Regione Campania – Impegno spesa",23-AFFIDAMENTO DIRETTO,2019-12-17,2019-12-17,idm2243
114,Z662AE7F2E,80049220637,Comune di Giugliano in Campania,30000.00,0.00,Affidamento incarico professionale per il supporto al RUP per la verifica del progetto definitivo e verifica e validazione del progetto esecutivo dei lavori di realizzazione degli interventi stradali per il collegamento della nuova base nato …,23-AFFIDAMENTO DIRETTO,2019-12-17,2019-12-17,idm2263
115,Z632A7CC83,80049220637,Comune di Giugliano in Campania,39120.00,0.00,"Affidamento del Servizio di Supporto al RUP per le attivita di assistenza alla Finanza di Progetto, ai sensi dell art. 183 c.15 del D.Lgs. 50/2016, per l Intervento di realizzazione dell ammodernamento della rete idrica e gestione dei servizi …",35-PARTERNARIATO PER L’INNOVAZIONE,2019-12-16,2019-12-16,idm2283
116,Z542401938,80049220637,Comune di Giugliano in Campania,14000.00,14000.00,Affidamento incarico professionale per la definizione delle linee guida per la ricomposizione ambientale delle Cave abbandonate e definizione delle procedure tecnico-amministrative per il rilascio delle autorizzazioni ai sensi della L.R. 54/85 …,23-AFFIDAMENTO DIRETTO,2018-09-07,2019-12-12,idm2303
117,Z652B5AE45,80049220637,Comune di Giugliano in Campania,39600.00,0.00,Affidamento Diretto per il conferimento di rifiuti biodegradabili di cucine e mense CER 200108  Periodo 28.12.19 al 31.12.19. Determina a  Contrarre,23-AFFIDAMENTO DIRETTO,2019-12-28,2019-12-31,idm2323
118,Z7E2B5AE25,80049220637,Comune di Giugliano in Campania,39600.00,0.00,Affidamento Diretto  per il conferimento di rifiuti biodegradabili di cucine e mense CER 200108  Periodo 21.12.19 -27.12.19. Determina a Contrarre,23-AFFIDAMENTO DIRETTO,2019-12-21,2019-12-27,idm2343
119,Z7E2B5AD2A,80049220637,Comune di Giugliano in Campania,39600.00,0.00,Affidamento diretto  per il conferimento di rifiuti biodegradabili di cucine e mense CER 200108 Periodo 16.12.19 -21.12.19 determina a contrarre,23-AFFIDAMENTO DIRETTO,2019-12-16,2019-12-21,idm2363
120,Z9F2B5AC41,80049220637,Comune di Giugliano in Campania,39600.00,0.00,Affidamento Diretto  per il conferimento di rifiuti biodegradabili di cucine e mense CER 200108  Periodo 12.12.19 -16.12.19. Determina a Contrarre,23-AFFIDAMENTO DIRETTO,2019-12-12,2019-12-16,idm2383
121,Z1E2B4DCEC,80049220637,Comune di Giugliano in Campania,39600.00,0.00,Affidamento Diretto per il conferimento di rifiuti biodegradabili di cucine e mense CER 200108  Periodo 02.12.19 AL 12.12.19,23-AFFIDAMENTO DIRETTO,2019-12-02,2019-12-12,idm2403
122,ZCC2B45865,80049220637,Comune di Giugliano in Campania,39600.00,0.00,Affidamento diretto per il conferimento di rifiuti biodegradabili di cucine e mense CER 200108 Periodo  28.11.19 -05.12.19. Determina a  Contrarre,23-AFFIDAMENTO DIRETTO,2019-11-28,2019-12-05,idm2423
123,Z402B457EB,80049220637,Comune di Giugliano in Campania,39600.00,0.00,Affidamento diretto per il conferimento di rifiuti biodegradabili di cucine e mense CER 200108  Periodo  21.11.19 -28.11.19. Determina a Contrarre,23-AFFIDAMENTO DIRETTO,2019-11-21,2019-11-28,idm2443
124,Z7D2AB3A2D,80049220637,Comune di Giugliano in Campania,39600.00,0.00,Affidamento diretto per il conferimento di rifiuti biodegradabili di cucine e mense CER 200108  Periodo 14.11.19 – 21.11.19. Determina a Contrarre,23-AFFIDAMENTO DIRETTO,2019-11-14,2019-11-21,idm2463
125,ZA92A951FF,80049220637,Comune di Giugliano in Campania,39600.00,0.00,Affidamento diretto per il conferimento di rifiuti biodegradabili di cucine e mense CER 200108. Periodo 07.11.19 – 14.11.19. Determina a contrarre,23-AFFIDAMENTO DIRETTO,2019-11-07,2019-11-14,idm2483
126,Z852A8823D,80049220637,Comune di Giugliano in Campania,39600.00,0.00,Affidamento diretto per il conferimento di rifiuti biodegradabili di cucine e mense CER 200108. Periodo 28.10.19 -04.11.19. Determina a contrarre,23-AFFIDAMENTO DIRETTO,2019-10-28,2019-11-04,idm2503
127,Z672A88009,80049220637,Comune di Giugliano in Campania,31200.00,0.00,Affidamento diretto per il conferimento di rifiuti biodegradabili di cucine e mense CER 200108. Periodo 04.11.19 – 07.11.19. Determina a contrarre,23-AFFIDAMENTO DIRETTO,2019-11-04,2019-11-07,idm2523
128,Z572A5DC1A,80049220637,Comune di Giugliano in Campania,39600.00,0.00,Affidamento diretto per il conferimento di rifiuti biodegradabili di cucine e mense CER 200108. Periodo 21.10.19 -31.10.19.Determina a contrarre,23-AFFIDAMENTO DIRETTO,2019-10-21,2019-10-31,idm2543
129,Z922A301DE,80049220637,Comune di Giugliano in Campania,39600.00,0.00,Affidamento diretto per il conferimento di rifiuti biodegradabili di cucine e mense CER 200108. Periodo 07.10.19 – 21.10.19. DETERMINA A CONTRARRE,23-AFFIDAMENTO DIRETTO,2019-10-07,2019-10-21,idm2563
130,ZAC2A0ACE8,80049220637,Comune di Giugliano in Campania,31200.00,31008.00,Affidamento diretto per il conferimento di rifiuti biodegradabili di cucine e mense CER 200108 N. ZAC2A0ACE8. Periodo 03.10.19-10.10.19. DETERMINA A CONTRARRE,23-AFFIDAMENTO DIRETTO,2019-10-03,2019-10-10,idm2583
131,ZD22A0AC5D,80049220637,Comune di Giugliano in Campania,39600.00,39600.00,Affidamento diretto per il conferimento di rifiuti biodegradabili di cucine e mense CER 200108.  PERIODO 19.09.19-26.09.19. DETERMINA A CONTRARRE,23-AFFIDAMENTO DIRETTO,2019-09-19,2019-09-26,idm2603
132,ZF72A0AC88,80049220637,Comune di Giugliano in Campania,39600.00,39528.00,Affidamento diretto per il conferimento di rifiuti biodegradabili di cucine e mense CER 200108 N. ZF72A0AC88 .Periodo 26.09.19-03.10.19. DETERMINA A CONTRARRE,23-AFFIDAMENTO DIRETTO,2019-09-26,2019-10-03,idm2623
133,Z8C2A0103B,80049220637,Comune di Giugliano in Campania,39600.00,39600.00,Affidamento diretto per il conferimento di rifiuti biodegradabili di cucine e mense CER 200108 N. Z8C2A0103B.PERIODO 09.09.19 -19.09.19. DETERMINA A CONTRARRE,23-AFFIDAMENTO DIRETTO,2019-09-09,2019-09-19,idm2643
134,Z832988D11,80049220637,Comune di Giugliano in Campania,39600.00,39600.00,Affidamento diretto per il conferimento di rifiuti biodegradabili di cucine e mense CER 200108 n. Z832988D11. PERIODO 19.08.19 -31.08.19. DETERMINA A CONTRARRE,23-AFFIDAMENTO DIRETTO,2019-08-19,2019-08-31,idm2663
135,Z132A00FF9,80049220637,Comune di Giugliano in Campania,31200.00,31200.00,Affidamento diretto per il conferimento di rifiuti biodegradabili di cucine e mense CER 200108. PERIODO 05.09.19 -11.09.19. DETERMINA A CONTRARRE,23-AFFIDAMENTO DIRETTO,2019-09-05,2019-09-11,idm2683
136,Z152990C4B,80049220637,Comune di Giugliano in Campania,39600.00,39600.00,Affidamento diretto per il conferimento di rifiuti biodegradabili di cucine e mense CER 200108. Periodo 26.08.19 -31.08.19. DETERMINA A CONTRARRE,23-AFFIDAMENTO DIRETTO,2019-08-26,2019-08-31,idm2703
137,Z3D2926D0F,80049220637,Comune di Giugliano in Campania,39950.00,36772.80,Affidamento diretto per il conferimento di rifiuti biodegradabili di cucine e mense CER 200108 Determina contrarre,23-AFFIDAMENTO DIRETTO,2019-07-01,2019-07-15,idm2723
138,Z9B2837B1D,80049220637,Comune di Giugliano in Campania,2500.00,2500.00,"Intervento in somma urgenza di messa in sicurezza, raccolta, rimozione e smaltimento in impianto autorizzato di materiale compatto contenente cemento/amianto abbandonato in Via Domitiana rotonda Via Ripuaria.. Approvazione perizia giustificativa …",23-AFFIDAMENTO DIRETTO,2019-04-08,2019-05-02,idm2743
139,Z2B208AD92,80049220637,Comune di Giugliano in Campania,28720.00,28720.00,Servizio di classificazione ed analisi chimiche di rifiuti abbandonati con relativa caratterizzazione ai fini della corretta modalita di smaltimento in conformita alla normativa vigente e del sottostante terreno ( top – soil ) e predisposizione …,23-AFFIDAMENTO DIRETTO,2018-12-03,2019-01-15,idm2763
140,7261100147,80049220637,Comune di Giugliano in Campania,702703.20,0.00,"Procedura aperta presso il Provveditorato Interregionale di Napoli SUA accordo quadro per l affidamento del servizio di rimozione (previa classificazione e caratterizzazione), trasporto e conferimento in siti di stoccaggio definitivo dei rifiuti …",01-PROCEDURA APERTA,2019-04-01,2019-12-31,idm2783
141,Z132890288,80049220637,Comune di Giugliano in Campania,6800.00,6800.00,Incarico professionale  per la partecipazione al programma di incentivazione della mobilita urbana sostenibile  (PRIMUS) promosso con decreto del  MINISTERO DELL AMBIENTE PROT.N.417 DEL 21.12.2018,23-AFFIDAMENTO DIRETTO,2019-05-05,2019-09-10,idm2803
142,Z671B84618,80049220637,Comune di Giugliano in Campania,4306.19,0.00,Estensione incarico professionale per direzione lavori e coordinamento della sicurezza in fase di esecuzione lavori di -realizzazione nuova area mercatale fiera settimanale.- Estensione incarico per riprogettazione strutturale e ridefinizione dei…,23-AFFIDAMENTO DIRETTO,2019-02-07,2019-02-07,idm2823
143,ZDA0EDD60F,80049220637,Comune di Giugliano in Campania,17883.51,11679.51,Programma   Piu  Europa -Finanziamento  P.O. FESR 2007 – 2013 Misura   6.1. Incarico  Commissione di   Collaudo Tecnico Amministrativo  in  Corso d opera – Valorizzazione  Centro  Storico  C.Campano.,23-AFFIDAMENTO DIRETTO,2014-07-21,2019-12-31,idm2843
144,ZC90EDD566,80049220637,Comune di Giugliano in Campania,13953.03,8550.00,Programma   Piu  Europa -Finanziamento  P.O. FESR 2007 – 2013 Misura   6.1. Incarico  Commissione di   Collaudo Tecnico Amministrativo  in  Corso d opera – Valorizzazione  Centro  Storico  C.Campano.,23-AFFIDAMENTO DIRETTO,2014-06-06,2019-12-31,idm2863
145,77784514D3,80049220637,Comune di Giugliano in Campania,27000.00,6526.87,Affidamento servizi di raccolta e recapito invii postali per un biennio.,33-PROCEDURA NEGOZIATA PER AFFIDAMENTI SOTTO SOGLIA,2019-06-01,2021-05-31,idm2883
146,6739171BD4,80049220637,Comune di Giugliano in Campania,117911.64,67148.53,Affidamento servizi di raccolta e recapito invii postali per un biennio + n. 2 proroghe per complessivi 4 mesi,33-PROCEDURA NEGOZIATA PER AFFIDAMENTI SOTTO SOGLIA,2017-02-01,2019-05-31,idm2903
147,78612393A5,80049220637,Comune di Giugliano in Campania,126730.10,0.00,"Affidamento incarico di Direttore dell Esecuzione del Contratto relativo al servizio aggiuntivo di trasporto pubblico locale su gomma nel territorio comunale di Giugliano in Campania, Articolo 111 del D.Lgs 50/2016 s.m.i.",33-PROCEDURA NEGOZIATA PER AFFIDAMENTI SOTTO SOGLIA,2019-07-01,2015-06-30,idm2923
148,Z8F25249AE,80049220637,Comune di Giugliano in Campania,39200.00,33500.00,AFFIDAMENTO SERVIZIO SUPPORTO AL SUBENTRO ANPR,23-AFFIDAMENTO DIRETTO,2018-10-09,2019-10-09,idm2943
149,771796495E,80049220637,Comune di Giugliano in Campania,90624.00,60416.00,REVISIONE e RIFACIMENTO PARZIALE della NUMERAZIONE CIVICA e della TOPONOMASTICA COMUNALE; DETERMINAZIONE A CONTRARRE,33-PROCEDURA NEGOZIATA PER AFFIDAMENTI SOTTO SOGLIA,2019-02-22,2019-12-04,idm2963
150,8004922063,80049220637,Comune di Giugliano in Campania,94840.26,0.00,Lavori di  sistemazione stradee marciapiedi  parco Regina in via CASACELLE – via  PIGNA e  Sistemazione piazza  C. COLOMBO in  LICOLA MARE. Aggiudicazione definitiva a seguito di procedura sul su MEPA .,37-PROCEDURA COMPETITIVA CON NEGOZIAZIONE,2019-09-11,2020-09-11,idm2983
151,Z26279E7C8,80049220637,Comune di Giugliano in Campania,6600.00,0.00,"Affidamento del servizio di raccolta, rimozione e smaltimento in impianto autorizzato di materiale compatto contenente cemento/ amianto abbandonato in varie strade cittadine – determina a contrarre",37-PROCEDURA COMPETITIVA CON NEGOZIAZIONE,2019-03-26,2019-09-26,idm3003
152,ZAD27632CC,80049220637,Comune di Giugliano in Campania,1425.00,1425.00,"Intervento in somma urgenza di messa in sicurezza, raccolta, rimozione e smaltimento in impianto autorizzato di materiale compatto contenente cemento/amianto abbandonato in Via Signorelle a Patria. Approvazione perizia e presa d atto …",23-AFFIDAMENTO DIRETTO,2019-03-26,2019-05-02,idm3023
153,ZDA2763038,80049220637,Comune di Giugliano in Campania,4500.00,4500.00,"Intervento in somma urgenza di messa in sicurezza, raccolta, rimozione e smaltimento in impianto autorizzato di materiale compatto contenente cemento/amianto abbandonato in varie strade cittadine. Approvazione perizia e presa d atto …",23-AFFIDAMENTO DIRETTO,2019-03-25,2019-12-06,idm3043
154,Z1F27634B9,80049220637,Comune di Giugliano in Campania,2300.00,2300.00,"Intervento in somma urgenza di messa in sicurezza, raccolta, rimozione e smaltimento in impianto autorizzato di materiale compatto contenente cemento/amianto abbandonato in Via B. Longo all uscita dell istituto tecnico Minzoni. Approvazione perizia..",23-AFFIDAMENTO DIRETTO,2019-03-22,2019-03-22,idm3063
155,4939731AF7,80049220637,Comune di Giugliano in Campania,395341.81,0.00,"Servizio integrato di igiene urbana . Approvazione perizia di variante n.4, alla ATI Teknoservice- Consorzio  Gema Determina a contrarre",01-PROCEDURA APERTA,2019-08-01,2019-12-31,idm3083
156,4939731AF7,80049220637,Comune di Giugliano in Campania,3995626.86,2631266.06,Proroga tecnica  servizio integrato di igiene urbana . Periodo dal 01.10.2019 al  31.12.2019. ATI TEKNOSERVICE – CONSORZIO GEMA- determina a contrarre,32-AFFIDAMENTO RISERVATO,2019-10-01,2019-12-31,idm3103
157,4939731AF7,80049220637,Comune di Giugliano in Campania,3995626.86,3933718.41,Proroga tecnica  servizio integrato di igiene urbana . Periodo dal 01.07.2019 al  30.09.2019. ATI TEKNOSERVICE – CONSORZIO GEMA- determina a contrarre,31-AFFIDAMENTO DIRETTO PER VARIANTE SUPERIORE AL 20% DELL'IMPORTO CONTRATTUALE,2019-07-01,2019-09-30,idm3123
158,4939731AF7,80049220637,Comune di Giugliano in Campania,3995626.86,3931246.14,Proroga tecnica  servizio integrato di  giene Urbana Periodo dal 01.04.2019 AL 30.06.2019. ATI TEKNOSERVICE/CONSORZIO GEMA – Determina a contrarre,31-AFFIDAMENTO DIRETTO PER VARIANTE SUPERIORE AL 20% DELL'IMPORTO CONTRATTUALE,2019-04-01,2019-06-30,idm3143
159,4939731AF7,80049220637,Comune di Giugliano in Campania,10655004.96,10284088.02,"Proroga dal 01/08/18 al 31/03/2019 appalto del servizio integrato di raccolta, trasporto e conferimento dei rifiuti -affidamento alla ATI Teknoservice srl -Gema",31-AFFIDAMENTO DIRETTO PER VARIANTE SUPERIORE AL 20% DELL'IMPORTO CONTRATTUALE,2018-08-01,2019-03-31,idm3163
160,Z732A31FCO,80049220637,Comune di Giugliano in Campania,15838.40,11878.80,Affidamento incarico di Direttore per lesecuzione del contratto di igiene urbana. Periodo dal 01.09.19 al 31.12.19,23-AFFIDAMENTO DIRETTO,2019-09-01,2019-12-31,idm3183
161,ZD32926C4F,80049220637,Comune di Giugliano in Campania,11878.80,11878.80,Affidamento incarico di Direttore per l esecuzione del contratto di igiene urbana. Periodo dal 01.06.19 al 31.08.19,23-AFFIDAMENTO DIRETTO,2019-06-01,2019-08-31,idm3203
162,Z2E24590E4,80049220637,Comune di Giugliano in Campania,36440.00,36440.00,Affidamento incarico professionale di supporto al RUP finalizzato alla elaborazione del PIANO INDUSTRIALE dei servizi di Igiene Urbana,23-AFFIDAMENTO DIRETTO,2018-09-07,2019-06-10,idm3223
163,5256622DB0,80049220637,Comune di Giugliano in Campania,11878.80,11878.80,Liquidazione compenso per il servizio di  Direttore  Tecnico per  l esecuzione del contratto per i mesi di marzo-aprile e maggio 2019,23-AFFIDAMENTO DIRETTO,2019-03-01,2019-05-31,idm3243
164,5256622DB0,80049220637,Comune di Giugliano in Campania,237576.00,237576.00,"Appalto per il Servizio di Direttore per l esecuzione del contratto di raccolta ,trasporto e conferimento dei rifiuti urbani e successive varianti",01-PROCEDURA APERTA,2014-03-01,2019-02-28,idm3263
165,72251584FF,80049220637,Comune di Giugliano in Campania,102751.00,0.00,Affidamento del servizio di conferimento presso piattaforma o impianto autorizzato con operazioni di recupero/smaltimento di alcune tipologie di rifiuti provenienti dalla raccolta differenziata dei rifiuti solidi urbani o abbandonati sul territorio..,06-PROCEDURA NEGOZIATA SENZA PREVIA INDIZIONE DI GARA (SETTORI SPECIALI),2013-11-09,2019-12-10,idm3283
166,72251584FF,80049220637,Comune di Giugliano in Campania,760212.91,640862.56,Affidamento del servizio di conferimento presso piattaforma o impianto autorizzato con operazioni di recupero/smaltimento di alcune tipologie di rifiuti provenienti dalla raccolta differenziata dei rifiuti solidi urbani o abbandonati sul territorio..,06-PROCEDURA NEGOZIATA SENZA PREVIA INDIZIONE DI GARA (SETTORI SPECIALI),2013-05-19,2019-11-10,idm3303
167,72251584FF,80049220637,Comune di Giugliano in Campania,3323222.00,2942341.11,Servizio di cenferimento e recupero di  materiale proveniente da raccolta differenziata,01-PROCEDURA APERTA,2018-05-10,2019-05-10,idm3323
168,7590503939,80049220637,Comune di Giugliano in Campania,89938.00,0.00,Affidamento  incarico di medico competente per la sorveglianza sanitaria Sistema di sicurezza sul  lavoro – D.LGS. 9/04/08 N. 81 E Serviziore  responsabile della sicurezzaprevenzione e protezione (RSPP). Presa d atto efficacia dell aggiudicazione …,01-PROCEDURA APERTA,2019-08-09,2022-08-09,idm3343
169,5832131ABE,80049220637,Comune di Giugliano in Campania,3830.65,3830.65,"Servizio responsabile della sicurezza,  prevenzione  e protezione (RSPP).  Approvazione contratto . REP 170/2016- Determina a contrarre . Rettifica determina  N. 1167 DEL 02/08/2018.",23-AFFIDAMENTO DIRETTO,2019-08-02,2019-06-13,idm3363
170,5825814DC9,80049220637,Comune di Giugliano in Campania,4076.88,0.00,sorveglianza sanitaria  nell ambito del sistema di sicurezza sul lavoro – D.LGS. 9 APRILE 2008 N. 81.  proroga contratto  REP 160/2015  per ulteriori mesi 4.,33-PROCEDURA NEGOZIATA PER AFFIDAMENTI SOTTO SOGLIA,2019-02-13,2019-06-13,idm3383
171,ZBB1F9F634,80049220637,Comune di Giugliano in Campania,9000.00,0.00,Programma   Piu  Europa -Finanziamento  P.O. FESR 2007 – 2013 Misura   6.1. Incarico  Commissione di   Collaudo Tecnico Amministrativo  in  Corso d’ opera  -Valorizzazione  Centro  Storico  C.Campano,23-AFFIDAMENTO DIRETTO,2017-08-30,2019-12-31,idm3403
172,ZF515B4A4F,80049220637,Comune di Giugliano in Campania,7231.00,3615.50,Programma Piu Europa  – Finanziamento  P.O. FESR 2007 – 2013 Misura  6.1. Valorizzazione del Centro Storico – Corso  Campano – CUP G99J12000010006 . Affidamento  Servizio di Assistenza  Archeologica.,03-PROCEDURA NEGOZIATA PREVIA PUBBLICAZIONE,2016-03-31,2019-08-30,idm3423
173,Z9E24B30FE,80049220637,Comune di Giugliano in Campania,26256.96,0.00,Affidamento del Servizio di  Assistenza  Tecnica Per  Completare  l Avviamento della  Pianificazione degli interventi per l attuazione  dell asse del  POR FESR CAMPANIA 2014/2020. Programma  Integrato Citta  Sostenibile,23-AFFIDAMENTO DIRETTO,2018-11-14,2019-08-14,idm3443
174,5410158B9B,80049220637,Comune di Giugliano in Campania,272640.54,249269.00,Incarico professionale per i servizi tecnici di direzione dei lavori  (Compresa la nomina di  Direttore  Operativo) e  Coordinamento  della  Sicurezza in fase di esecuzione dei lavori  Valorizzazione del  Centro  Storico – C. Campano,01-PROCEDURA APERTA,2014-05-09,2019-08-31,idm3463
175,ZF9229C66B,80049220637,Comune di Giugliano in Campania,35000.00,35000.00,affidamento del servizio di assistenza tecnica per avviare la pianificazione  degli interventi per l attuazione dell  ASSE X DEL POR FESR CAMPANIA 2014/2020,23-AFFIDAMENTO DIRETTO,2018-03-20,2019-03-20,idm3483
176,401579420B,80049220637,Comune di Giugliano in Campania,10365441.18,0.00,Programma  Piu  Europa Finanziamento – P.O. FESR 2007 -2013 Misura  6.1. Valorizzazione  del  Centro  Storico  – Corso  Campano –,01-PROCEDURA APERTA,2013-12-16,2020-12-31,idm3503
177,74391168b8,80049220637,Comune di Giugliano in Campania,536413.98,0.00,Lavori di realizzazione della nuova area mercatale per fiera settimanale in via Pigna 1° lotto,01-PROCEDURA APERTA,2019-03-25,2019-03-25,idm3523
178,6554590AC5,80049220637,Comune di Giugliano in Campania,8505000.00,1000000.00,Trasporto Pubblico Locale,01-PROCEDURA APERTA,2018-04-01,2025-03-31,idm3543
179,ZA725A4B72,80049220637,Comune di Giugliano in Campania,6000.00,0.00,Affidamento incarico professionale di supporto al RUP per la predisposizione dei documenti di gara relativi all affidamento di incarico di DEC del contratto di Trasporto pubblico locale aggiuntivo.,23-AFFIDAMENTO DIRETTO,2019-03-07,2019-09-06,idm3563
180,ZEF24923B9,80049220637,Comune di Giugliano in Campania,6667.00,6667.00,AFFIDAMENTO INCARICO PROFESSIONALE DI DEC PER CONTRATTO DI TRASPORTO PUBBLICO LOCALE,23-AFFIDAMENTO DIRETTO,2018-09-05,2019-05-05,idm3583
181,Z8F289AA47,80049220637,Comune di Giugliano in Campania,4466.00,4466.00,Affidamento alla ditta Graphos & Co sas. per fornitura cancelleria tramite trattativa diretta sul mepa ai sensi dell art.4 del disciplinare di gara RDO n2316829 approvazione allegato 1 determina n. 1745 dell’11/11/19 e determ. N.1857 del 28/11/19,23-AFFIDAMENTO DIRETTO,2019-11-11,2019-11-28,idm3603
182,Z66289AA03,80049220637,Comune di Giugliano in Campania,7791.09,7791.09,Affidamento alla ditta Cerciello & Co. per fornitura consumabili tramite trattativa diretta sul mepa ai sensi dell art.4 del disciplinare di gara RDO2314898 approvazione allegato determina n. 1744 del 11/11/19 e det.n.2057 del 19/12/19,23-AFFIDAMENTO DIRETTO,2019-11-11,2019-12-19,idm3623
183,Z66289AA03,80049220637,Comune di Giugliano in Campania,31460.30,31460.30,Approvazione atti di gara e impegno di spesa per la procedura sul mepa per la fornitura di consumabili per gli uffici comunali determina 758 del 30/05/19  e determina n. 1549 del 15/10/2019,23-AFFIDAMENTO DIRETTO,2019-05-30,2019-10-15,idm3643
184,Z8F289AA47,80049220637,Comune di Giugliano in Campania,15528.15,15528.15,Approvazione atti di gara e impegno di spesa per la procedura sul mepa per la fornitura di cancelleria per gli uffici comunali determina n.757 del 30/05/2019 e determina 1550 del 15/10/2019,23-AFFIDAMENTO DIRETTO,2019-05-30,2019-10-15,idm3663
185,Z6A27FEDC2,80049220637,Comune di Giugliano in Campania,2814.19,2814.19,Assunzione Impegno di Spesa per fornitura n.14 linee temporanee per lo svolgimento delle Elezioni Europee del 26/05/2019 e determina n. 997 del 25/06/2019,23-AFFIDAMENTO DIRETTO,2019-04-16,2019-06-25,idm3683
186,ZA723A8E4D,80049220637,Comune di Giugliano in Campania,3155.00,3155.00,Trattativa diretta  sul Mepa ai sensi dell art. 4 del disciplinare di gara RDO n.1966842 per fornitura cancelleria. Liquidazione  fattura n.2416 /PA del 03/12/2018 determina 63 del 24/01/2019,23-AFFIDAMENTO DIRETTO,2018-11-20,2019-01-24,idm3703
187,ZB323AA525,80049220637,Comune di Giugliano in Campania,8662.50,8662.50,Trattativa diretta  sul Mepa ai sensi dell art. 4 del disciplinare di gara RDO n.1966771 per fornitura consumabili.Liquidazione  fattura n.2225/f /PA del 17/12/2018 determi na n.64 del 24/01/2019,23-AFFIDAMENTO DIRETTO,2018-11-20,2019-01-24,idm3723
188,ZBA2692EBF,80049220637,Comune di Giugliano in Campania,434.50,434.50,"fornitura giornali sindaco,ragioneria e vigili",23-AFFIDAMENTO DIRETTO,2019-12-11,2019-12-11,idm3743
189,Z762692FOC,80049220637,Comune di Giugliano in Campania,65.00,65.00,forn.timbri automatici,23-AFFIDAMENTO DIRETTO,2019-12-11,2019-12-11,idm3763
190,Z452692D9B,80049220637,Comune di Giugliano in Campania,217.00,217.00,riparaz. Stampante e montaggio arredi serv. Sociali,23-AFFIDAMENTO DIRETTO,2019-12-11,2019-12-11,idm3783
191,ZB32692BE1,80049220637,Comune di Giugliano in Campania,320.00,320.00,lavaggi auto comunali e Polizia Municipale,23-AFFIDAMENTO DIRETTO,2019-12-11,2019-12-11,idm3803
192,ZBD2692E93,80049220637,Comune di Giugliano in Campania,300.00,300.00,forn.3 firme digitali,23-AFFIDAMENTO DIRETTO,2019-12-11,2019-12-11,idm3823
193,Z482692B79,80049220637,Comune di Giugliano in Campania,44.95,44.95,pag.pedaggi auto comunali Dicembre,23-AFFIDAMENTO DIRETTO,2019-12-04,2019-12-04,idm3843
194,Z102692C11,80049220637,Comune di Giugliano in Campania,460.00,460.00,abbonam.gazzetta enti locali on line,23-AFFIDAMENTO DIRETTO,2019-11-29,2019-11-29,idm3863
195,ZBD2692E93,80049220637,Comune di Giugliano in Campania,713.00,713.00,"forn.blocchi triplice copia e 2 registri, 2 distruggi docum. Elimin.e cassetta portavalore",23-AFFIDAMENTO DIRETTO,2019-11-29,2019-11-29,idm3883
196,Z102692C11,80049220637,Comune di Giugliano in Campania,580.00,580.00,abbonam.on line bilancio e contabilità,23-AFFIDAMENTO DIRETTO,2019-11-25,2019-11-25,idm3903
197,ZBD2692E93,80049220637,Comune di Giugliano in Campania,779.22,779.22,forn.36 timbri per autentiche a diversi dipendenti,23-AFFIDAMENTO DIRETTO,2019-11-25,2019-11-25,idm3923
198,Z762692FOC,80049220637,Comune di Giugliano in Campania,122.00,122.00,forn.telo con cavalletto e 1 tìmbro segreteria sindacoe plastificazione a/3,23-AFFIDAMENTO DIRETTO,2019-11-25,2019-11-25,idm3943
199,Z9E2574178,80049220637,Comune di Giugliano in Campania,49.50,49.50,Fornitura manifesti,23-AFFIDAMENTO DIRETTO,2019-11-13,2019-11-13,idm3963
200,Z762692FOC,80049220637,Comune di Giugliano in Campania,150.00,150.00,plottaggio colori per toponomastica,23-AFFIDAMENTO DIRETTO,2019-11-13,2019-11-13,idm3983
201,ZBD2692E93,80049220637,Comune di Giugliano in Campania,285.00,285.00,forn.rotoli poli pro uff. protocollo,23-AFFIDAMENTO DIRETTO,2019-11-13,2019-11-13,idm4003
202,Z452692D9B,80049220637,Comune di Giugliano in Campania,512.50,512.50,"forn.veneziane stanza sindaco e uff. procollo, catenaccio e 5 serrature",23-AFFIDAMENTO DIRETTO,2019-11-13,2019-11-13,idm4023
203,ZBA2692EBF,80049220637,Comune di Giugliano in Campania,443.80,443.80,"forn.giornali sindaco,ragioniere e vigili",23-AFFIDAMENTO DIRETTO,2019-11-13,2019-11-13,idm4043
204,Z482692B79,80049220637,Comune di Giugliano in Campania,21.89,21.89,pagam.pedaggi auto comli Novembre,23-AFFIDAMENTO DIRETTO,2019-11-04,2019-11-04,idm4063
205,ZBD2692E93,80049220637,Comune di Giugliano in Campania,437.00,437.00,forn.timbri diversi e plottaggio colori e nere,23-AFFIDAMENTO DIRETTO,2019-10-28,2019-10-28,idm4083
206,Z762692FOC,80049220637,Comune di Giugliano in Campania,468.00,468.00,plottaggio colori per uff. ambiente,23-AFFIDAMENTO DIRETTO,2019-10-28,2019-10-28,idm4103
207,Z1C2692D57,80049220637,Comune di Giugliano in Campania,450.00,450.00,abbon. On.line personale,23-AFFIDAMENTO DIRETTO,2019-10-22,2019-10-22,idm4123
208,ZBA2692EBF,80049220637,Comune di Giugliano in Campania,433.50,433.50,"forn.giornali sindaco,ragioniere e vigili",23-AFFIDAMENTO DIRETTO,2019-10-21,2019-10-21,idm4143
209,Z482692B79,80049220637,Comune di Giugliano in Campania,15.61,15.61,pagam.pedaggi auto comli Ottobre,23-AFFIDAMENTO DIRETTO,2019-10-21,2019-10-21,idm4163
210,ZBD2692E93,80049220637,Comune di Giugliano in Campania,100.00,100.00,forn.1 firma digitale,23-AFFIDAMENTO DIRETTO,2019-10-08,2019-10-08,idm4183
211,Z762692FOC,80049220637,Comune di Giugliano in Campania,893.00,893.00,"fornitura etichette, carta lucida, timbri,distruggi documenti ecc.",23-AFFIDAMENTO DIRETTO,2019-09-23,2019-09-23,idm4203
212,ZBD2692E93,80049220637,Comune di Giugliano in Campania,1249.00,1249.00,"fornitura 7 firme digitali, eliminacode  e varie",23-AFFIDAMENTO DIRETTO,2019-09-23,2019-09-23,idm4223
213,ZBA2692EBF,80049220637,Comune di Giugliano in Campania,909.80,909.80,"Fornitura giornali sindaco,ragioneria e Vigili 2 mesi",23-AFFIDAMENTO DIRETTO,2019-09-23,2019-09-23,idm4243
214,ZB32692BE1,80049220637,Comune di Giugliano in Campania,280.00,280.00,Lavaggi auto comunali e Polizia Municipale,23-AFFIDAMENTO DIRETTO,2019-09-23,2019-09-23,idm4263
215,Z01280413B,80049220637,Comune di Giugliano in Campania,265.85,265.85,lavaggio materiale,23-AFFIDAMENTO DIRETTO,2019-09-23,2019-09-23,idm4283
216,Z482692B79,80049220637,Comune di Giugliano in Campania,70.24,70.24,Pagamento pedaggi auto com.li,23-AFFIDAMENTO DIRETTO,2019-09-18,2019-09-18,idm4303
217,Z482692B79,80049220637,Comune di Giugliano in Campania,7.00,7.00,Rimborso pedaggi vigili Luglio,23-AFFIDAMENTO DIRETTO,2019-07-30,2019-07-30,idm4323
218,ZBD2692E93,80049220637,Comune di Giugliano in Campania,700.00,700.00,fornitura n. 7 firme digitali,23-AFFIDAMENTO DIRETTO,2019-07-30,2019-07-30,idm4343
219,Z762692FOC,80049220637,Comune di Giugliano in Campania,1400.00,1400.00,stampe colori xerocopie progetto borgo la riccia,23-AFFIDAMENTO DIRETTO,2019-07-30,2019-07-30,idm4363
220,Z482692B79,80049220637,Comune di Giugliano in Campania,23.48,23.48,Pagamento pedaggi auto com.li giugno,23-AFFIDAMENTO DIRETTO,2019-06-17,2019-06-17,idm4383
221,Z01280413B,80049220637,Comune di Giugliano in Campania,680.00,680.00,Fornitura lenzuola e federe,23-AFFIDAMENTO DIRETTO,2019-07-24,2019-07-24,idm4403
222,ZBD2692E93,80049220637,Comune di Giugliano in Campania,1138.00,1138.00,Fornitura toner e 5 firme digitali,23-AFFIDAMENTO DIRETTO,2019-07-24,2019-07-24,idm4423
223,ZBD2692E93,80049220637,Comune di Giugliano in Campania,910.00,910.00,"Fornit. Hard disk,casse,portachiavi e lettori card",23-AFFIDAMENTO DIRETTO,2019-07-24,2019-07-24,idm4443
224,Z4B2692C48,80049220637,Comune di Giugliano in Campania,630.00,630.00,Fornitura blocchi e  2 timbri,23-AFFIDAMENTO DIRETTO,2019-07-24,2019-07-24,idm4463
225,Z2828858B0,80049220637,Comune di Giugliano in Campania,459.00,459.00,fornitura relazione gestione 2018,23-AFFIDAMENTO DIRETTO,2019-07-24,2019-07-24,idm4483
226,Z1C2692D57,80049220637,Comune di Giugliano in Campania,450.00,450.00,Abbonamento omnia tributi,23-AFFIDAMENTO DIRETTO,2019-07-24,2019-07-24,idm4503
227,ZBA2692EBF,80049220637,Comune di Giugliano in Campania,448.50,448.50,"Fornitura giornali Sindaco,Ragioneria e Vigili",23-AFFIDAMENTO DIRETTO,2019-07-24,2019-07-24,idm4523
228,Z762692F0C,80049220637,Comune di Giugliano in Campania,506.60,506.60,"scansioni , xerocopie  colori e pile, timbri e cartoncini",23-AFFIDAMENTO DIRETTO,2019-07-24,2019-07-24,idm4543
229,Z482692B79,80049220637,Comune di Giugliano in Campania,25.88,25.88,Spese pedaggi auto com.li,23-AFFIDAMENTO DIRETTO,2019-07-24,2019-07-24,idm4563
230,ZB32692BE1,80049220637,Comune di Giugliano in Campania,300.00,300.00,Lavaggi auto comunali e Polizia Municipale,23-AFFIDAMENTO DIRETTO,2019-06-13,2019-06-13,idm4583
231,Z762692F02,80049220637,Comune di Giugliano in Campania,807.87,807.87,Copie da  copie tavole riqualif.zona urbana,23-AFFIDAMENTO DIRETTO,2019-06-13,2019-06-13,idm4603
232,ZBA2692EBF,80049220637,Comune di Giugliano in Campania,446.00,446.00,Fornitura giornali sindaco ragioniere e vigili,23-AFFIDAMENTO DIRETTO,2019-06-13,2019-06-13,idm4623
233,Z1C2692D57,80049220637,Comune di Giugliano in Campania,1230.00,1230.00,Abbonamento omnia ragioneria e quesiti e serv. Demografici,23-AFFIDAMENTO DIRETTO,2019-06-03,2019-06-03,idm4643
234,ZBD2692E93,80049220637,Comune di Giugliano in Campania,606.00,606.00,copie colori 12 fogli x 101 plichi,23-AFFIDAMENTO DIRETTO,2019-06-03,2019-06-03,idm4663
235,Z762692F0C,80049220637,Comune di Giugliano in Campania,160.00,160.00,fornitura 5 timbri automatici uff. tecnico,23-AFFIDAMENTO DIRETTO,2019-06-03,2019-06-03,idm4683
236,Z482692B79,80049220637,Comune di Giugliano in Campania,25.45,25.45,spese pedaggi auto comunali,23-AFFIDAMENTO DIRETTO,2019-05-20,2019-05-20,idm4703
237,Z4B2692C48,80049220637,Comune di Giugliano in Campania,600.00,600.00,fornitura Manifesti e brochure a colori terra dei fuochi,23-AFFIDAMENTO DIRETTO,2019-05-20,2019-05-20,idm4723
238,ZBD2692E93,80049220637,Comune di Giugliano in Campania,592.00,592.00,"fornitura rotoli, timbri e firme digitali",23-AFFIDAMENTO DIRETTO,2019-05-20,2019-05-20,idm4743
239,Z762692F0C,80049220637,Comune di Giugliano in Campania,1045.50,1045.50,"Forniture copie colori e nere,perforatore, tappetini, mouse ecc.",23-AFFIDAMENTO DIRETTO,2019-05-14,2019-05-14,idm4763
240,ZBD2692E93,80049220637,Comune di Giugliano in Campania,782.00,782.00,"Acquisto firma digitale, Etichette adesive, toner,spago e nastro adesivo",23-AFFIDAMENTO DIRETTO,2019-05-14,2019-05-14,idm4783
241,Z1C2692D57,80049220637,Comune di Giugliano in Campania,127.00,127.00,Fornitura web elezioni europee oltre 7 sezioni,23-AFFIDAMENTO DIRETTO,2019-05-14,2019-05-14,idm4803
242,ZBA2692EBF,80049220637,Comune di Giugliano in Campania,438.40,438.40,"fornitura giornali sindaco, ragioneria e Vigili",23-AFFIDAMENTO DIRETTO,2019-05-14,2019-05-14,idm4823
243,Z482692b79,80049220637,Comune di Giugliano in Campania,33.85,33.85,spese per pagamento pedaggi auto comunali,23-AFFIDAMENTO DIRETTO,2019-04-26,2019-04-26,idm4843
244,ZB32692BE1,80049220637,Comune di Giugliano in Campania,400.00,400.00,Lavaggi auto comunali e Polizia Municipale,23-AFFIDAMENTO DIRETTO,2019-04-26,2019-04-26,idm4863
245,ZBA2692EBF,80049220637,Comune di Giugliano in Campania,509.10,509.10,Fornitura giornali sindaco ragioneria e  vigili,23-AFFIDAMENTO DIRETTO,2019-04-26,2019-04-26,idm4883
246,ZBD2692E93,80049220637,Comune di Giugliano in Campania,674.25,674.25,Fotocopie a colori a/4 e a/3 e rilegature,23-AFFIDAMENTO DIRETTO,2019-04-26,2019-04-26,idm4903
247,Z762692F0C,80049220637,Comune di Giugliano in Campania,690.70,690.70,scansioni a/4 scansione grafici aereofotogramm. e timbri,23-AFFIDAMENTO DIRETTO,2019-04-26,2019-04-26,idm4923
248,Z102692C11,80049220637,Comune di Giugliano in Campania,337.80,337.80,Fornitura testo unico enti locali e 1 libro,23-AFFIDAMENTO DIRETTO,2019-03-18,2019-03-18,idm4943
249,ZBA2692EBF,80049220637,Comune di Giugliano in Campania,416.00,416.00,Fornitura giornali mese di febbraio  Sindaco Ragioneria e Comando vigili,23-AFFIDAMENTO DIRETTO,2019-03-18,2019-03-18,idm4963
250,ZBA2692EBF,80049220637,Comune di Giugliano in Campania,455.40,455.40,Fornitura giornali mese di Gennaio  Sindaco Ragioneria e Comando vigili,23-AFFIDAMENTO DIRETTO,2019-03-01,2019-03-01,idm4983
251,ZBD2692E93,80049220637,Comune di Giugliano in Campania,819.00,819.00,Fornitura materiale e consum.,23-AFFIDAMENTO DIRETTO,2019-03-18,2019-03-18,idm5003
252,ZBD2692E93,80049220637,Comune di Giugliano in Campania,536.00,536.00,Fornitura n.5 firme digitali e rilegature,23-AFFIDAMENTO DIRETTO,2019-03-18,2019-03-18,idm5023
253,Z482692B79,80049220637,Comune di Giugliano in Campania,121.11,121.11,Pagamento pedaggi auto comunali,23-AFFIDAMENTO DIRETTO,2019-03-11,2019-03-11,idm5043
254,Z762692F0C,80049220637,Comune di Giugliano in Campania,580.50,580.50,"fornitura copie, timbri e mouse",23-AFFIDAMENTO DIRETTO,2019-03-01,2019-03-01,idm5063
255,Z762692F0C,80049220637,Comune di Giugliano in Campania,913.56,913.56,"fornitura Etichette grandi e piccole, timbri eliminacode calcol. ecc.",23-AFFIDAMENTO DIRETTO,2019-03-01,2019-03-01,idm5083
256,0000000000,80049220637,Comune di Giugliano in Campania,1.60,0.00,Spese bancarie per pagamento pedaggi,23-AFFIDAMENTO DIRETTO,2019-02-07,2019-02-07,idm5103
257,Z482692B79,80049220637,Comune di Giugliano in Campania,21.83,0.00,Pagamento pedaggi auto comunali,17-AFFIDAMENTO DIRETTO EX ART. 5 DELLA LEGGE 381/91,2019-02-07,2019-02-07,idm5123
258,ZF22B50D3D,80049220637,Comune di Giugliano in Campania,23120,0.00,Sistema di Gestione di Controllo di Gestione per il 2019 e 2020,23-AFFIDAMENTO DIRETTO,2019-12-23,2020-12-31,idm5143
259,7399776853,80049220637,Comune di Giugliano in Campania,1993324.91,0.00,"PRESA D ATTO DELL INTERVENUTA EFFICACIA DELL AGGIUDICAZIONE DELLA PROCEDURA APERTA PRESSO O IL PROVVEDITORATO INTERRREGIONALE DI NAPOLI SUA . SERVIZI OULIZIA E IGIENE AMBIENTALE, SANIFICAZIONE E DERATTIZZAZIONE, FORNITURA DEI MATERIALI IGIENICI E …",01-PROCEDURA APERTA,2019-03-01,2022-03-01,idm5163
260,55187486EA,80049220637,Comune di Giugliano in Campania,382334.04,0.00,"LIQUIDAZIONE PER IL SERVIZIO DI CLOUD COMPUTING, DI SICUREZZA, DI REALIZZAZIONE DI PORTALI E SERVIZI ON LINE E DI COOPERAZIONE APPLICATIVA PER LE PUBBLICHE AMMINISTRAZIONI",26-AFFIDAMENTO DIRETTO IN ADESIONE AD ACCORDO QUADRO/CONVENZIONE,2017-07-24,2019-07-20,idm5183
261,Z322879263,80049220637,Comune di Giugliano in Campania,3100.00,3100.00,SERVIZIO DI PREDISPOSIZIONE E RENDICONTAZIONE ECONOMICO PATRIMONIALE 2018,23-AFFIDAMENTO DIRETTO,2019-05-22,2019-12-31,idm5203
262,ZA8291F0F2,80049220637,Comune di Giugliano in Campania,2970.00,0.00,Fornitura dei servizi di normalizzazione dell ammontare dei debiti commerciali scaduti presenti sulla Piattaforma dei Crediti Commerciali,23-AFFIDAMENTO DIRETTO,2019-08-09,2020-12-31,idm5223
263,ZF22B50D3D,80049220637,Comune di Giugliano in Campania,23120,0.00,Sistema di Gestione di Controllo di Gestione per il 2019 e 2020,23-AFFIDAMENTO DIRETTO,2019-12-23,2020-12-31,idm5243
